"","Package","LibPath","Version","Priority","Depends","Imports","LinkingTo","Suggests","Enhances","License","License_is_FOSS","License_restricts_use","OS_type","MD5sum","NeedsCompilation","Built"
"abind","abind","/home/shobarium/R/x86_64-pc-linux-gnu-library/3.4","1.4-5",NA,"R (>= 1.5.0)","methods, utils",NA,NA,NA,"LGPL (>= 2)",NA,NA,NA,NA,"no","3.4.4"
"askpass","askpass","/home/shobarium/R/x86_64-pc-linux-gnu-library/3.4","1.1",NA,NA,"sys (>= 2.1)",NA,"testthat",NA,"MIT + file LICENSE",NA,NA,NA,NA,"yes","3.4.4"
"assertthat","assertthat","/home/shobarium/R/x86_64-pc-linux-gnu-library/3.4","0.2.1",NA,NA,"tools",NA,"testthat, covr",NA,"GPL-3",NA,NA,NA,NA,"no","3.4.4"
"backports","backports","/home/shobarium/R/x86_64-pc-linux-gnu-library/3.4","1.2.1",NA,"R (>= 3.0.0)",NA,NA,NA,NA,"GPL-2 | GPL-3",NA,NA,NA,NA,"yes","3.4.4"
"base64enc","base64enc","/home/shobarium/R/x86_64-pc-linux-gnu-library/3.4","0.1-3",NA,"R (>= 2.9.0)",NA,NA,NA,"png","GPL-2 | GPL-3",NA,NA,NA,NA,"yes","3.4.4"
"BH","BH","/home/shobarium/R/x86_64-pc-linux-gnu-library/3.4","1.72.0-3",NA,NA,NA,NA,NA,NA,"BSL-1.0",NA,NA,NA,NA,"no","3.4.4"
"BiocGenerics","BiocGenerics","/home/shobarium/R/x86_64-pc-linux-gnu-library/3.4","0.24.0",NA,"methods, utils, graphics, stats, parallel","methods, utils, graphics, stats, parallel",NA,"Biobase, S4Vectors, IRanges, GenomicRanges, AnnotationDbi,
oligoClasses, oligo, affyPLM, flowClust, affy, DESeq2, MSnbase,
annotate, RUnit",NA,"Artistic-2.0",NA,NA,NA,NA,"no","3.4.4"
"BiocInstaller","BiocInstaller","/home/shobarium/R/x86_64-pc-linux-gnu-library/3.4","1.28.0",NA,"R (>= 3.4.0)",NA,NA,"devtools, RUnit, BiocGenerics",NA,"Artistic-2.0",NA,NA,NA,NA,"no","3.4.4"
"BiocManager","BiocManager","/home/shobarium/R/x86_64-pc-linux-gnu-library/3.4","1.30.10",NA,NA,"utils",NA,"BiocStyle, BiocVersion, remotes, testthat, withr, curl, knitr",NA,"Artistic-2.0",NA,NA,NA,NA,"no","3.4.4"
"bit","bit","/home/shobarium/R/x86_64-pc-linux-gnu-library/3.4","4.0.4",NA,"R (>= 2.9.2)",NA,NA,"testthat (>= 0.11.0), roxygen2, knitr, rmarkdown,
microbenchmark, bit64 (>= 4.0.0), ff (>= 4.0.0)",NA,"GPL-2 | GPL-3",NA,NA,NA,NA,"yes","3.4.4"
"bit64","bit64","/home/shobarium/R/x86_64-pc-linux-gnu-library/3.4","4.0.5",NA,"R (>= 3.0.1), bit (>= 4.0.0), utils, methods, stats",NA,NA,NA,NA,"GPL-2 | GPL-3",NA,NA,NA,NA,"yes","3.4.4"
"bitops","bitops","/home/shobarium/R/x86_64-pc-linux-gnu-library/3.4","1.0-6",NA,NA,NA,NA,NA,NA,"GPL (>= 2)",NA,NA,NA,NA,"yes","3.4.4"
"blob","blob","/home/shobarium/R/x86_64-pc-linux-gnu-library/3.4","1.2.1",NA,NA,"methods, rlang, vctrs (>= 0.2.1)",NA,"covr, crayon, pillar (>= 1.2.1), testthat",NA,"GPL-3",NA,NA,NA,NA,"no","3.4.4"
"brew","brew","/home/shobarium/R/x86_64-pc-linux-gnu-library/3.4","1.0-6",NA,NA,NA,NA,NA,NA,"GPL-2",NA,NA,NA,NA,NA,"3.4.4"
"brio","brio","/home/shobarium/R/x86_64-pc-linux-gnu-library/3.4","1.1.0",NA,NA,NA,NA,"testthat (>= 2.1.0), covr",NA,"MIT + file LICENSE",NA,NA,NA,NA,"yes","3.4.4"
"broom","broom","/home/shobarium/R/x86_64-pc-linux-gnu-library/3.4","0.7.3",NA,"R (>= 3.1)","backports, dplyr (>= 1.0.0), ellipsis, generics (>= 0.0.2),
glue, methods, purrr, rlang, stringr, tibble (>= 3.0.0), tidyr
(>= 1.0.0)",NA,"AER, akima, AUC, bbmle, betareg, biglm, binGroup, boot,
btergm, car, caret, cluster, coda, covr, drc, e1071, emmeans,
epiR, ergm (>= 3.10.4), fixest (>= 0.5.0), gam (>= 1.15),
gamlss, gamlss.data, gamlss.dist, gee, geepack, ggplot2,
glmnet, glmnetUtils, gmm, Hmisc, irlba, joineRML, Kendall,
knitr, ks, Lahman, lavaan, leaps, lm.beta, lme4, lmodel2,
lmtest (>= 0.9.38), lsmeans, maps, maptools, margins, MASS,
Matrix, mclust, mediation, metafor, mfx, mgcv, mlogit,
modeldata, modeltests, muhaz, multcomp, network, nnet, orcutt
(>= 2.2), ordinal, plm, poLCA, psych, quantreg, rgeos,
rmarkdown, robust, robustbase, rsample, sandwich, sp, spdep,
spatialreg, speedglm, spelling, survey, survival, systemfit,
testthat (>= 2.1.0), tseries, zoo",NA,"MIT + file LICENSE",NA,NA,NA,NA,"no","3.4.4"
"callr","callr","/home/shobarium/R/x86_64-pc-linux-gnu-library/3.4","3.5.1",NA,NA,"processx (>= 3.4.4), R6, utils",NA,"cli, covr, crayon, fansi, pingr, ps, rprojroot, spelling,
testthat, tibble, withr (>= 2.3.0)",NA,"MIT + file LICENSE",NA,NA,NA,NA,"no","3.4.4"
"ChemmineR","ChemmineR","/home/shobarium/R/x86_64-pc-linux-gnu-library/3.4","2.30.2",NA,"R (>= 2.10.0), methods","rjson, graphics, stats, RCurl, DBI, digest, BiocGenerics, Rcpp
(>= 0.11.0), ggplot2,grid,gridExtra","Rcpp, BH","RSQLite, scatterplot3d, gplots, fmcsR, snow, RPostgreSQL,
BiocStyle, knitr, knitcitations, knitrBootstrap, ChemmineOB (>=
1.3.8), ChemmineDrugs, png,rmarkdown","ChemmineOB","Artistic-2.0",NA,NA,NA,NA,"yes","3.4.4"
"chron","chron","/home/shobarium/R/x86_64-pc-linux-gnu-library/3.4","2.3-56",NA,"R (>= 2.12.0)","graphics, stats",NA,"scales, ggplot2","zoo","GPL-2",NA,NA,NA,NA,"yes","3.4.4"
"cli","cli","/home/shobarium/R/x86_64-pc-linux-gnu-library/3.4","2.2.0",NA,"R (>= 2.10)","assertthat, crayon (>= 1.3.4), glue, methods, utils, fansi",NA,"callr, covr, htmlwidgets, knitr, mockery, ps (>= 1.3.4.9000),
rmarkdown, rstudioapi, prettycode (>= 1.1.0), testthat, withr",NA,"MIT + file LICENSE",NA,NA,NA,NA,"no","3.4.4"
"clipr","clipr","/home/shobarium/R/x86_64-pc-linux-gnu-library/3.4","0.7.1",NA,NA,"utils",NA,"covr, knitr, rmarkdown, rstudioapi (>= 0.5), testthat (>=
2.0.0)",NA,"GPL-3",NA,NA,NA,NA,"no","3.4.4"
"colorspace","colorspace","/home/shobarium/R/x86_64-pc-linux-gnu-library/3.4","2.0-0",NA,"R (>= 3.0.0), methods","graphics, grDevices, stats",NA,"datasets, utils, KernSmooth, MASS, kernlab, mvtnorm, vcd,
tcltk, shiny, shinyjs, ggplot2, dplyr, scales, grid, png, jpeg,
knitr, rmarkdown, RColorBrewer, rcartocolor, scico, viridis,
wesanderson",NA,"BSD_3_clause + file LICENSE",NA,NA,NA,NA,"yes","3.4.4"
"commonmark","commonmark","/home/shobarium/R/x86_64-pc-linux-gnu-library/3.4","1.7",NA,NA,NA,NA,"curl, testthat, xml2",NA,"BSD_2_clause + file LICENSE",NA,NA,NA,NA,"yes","3.4.4"
"corrplot","corrplot","/home/shobarium/R/x86_64-pc-linux-gnu-library/3.4","0.84",NA,NA,NA,NA,"knitr, RColorBrewer, testthat",NA,"GPL",NA,NA,NA,NA,"no","3.4.4"
"covr","covr","/home/shobarium/R/x86_64-pc-linux-gnu-library/3.4","3.5.1",NA,"R (>= 3.1.0), methods","digest, stats, utils, jsonlite, rex, httr, crayon, withr (>=
1.0.2), yaml",NA,"R6, curl, knitr, rmarkdown, htmltools, DT (>= 0.2), testthat,
rlang, rstudioapi (>= 0.2), xml2 (>= 1.0.0), parallel, memoise,
mockery",NA,"GPL-3",NA,NA,NA,NA,"yes","3.4.4"
"cpp11","cpp11","/home/shobarium/R/x86_64-pc-linux-gnu-library/3.4","0.2.4",NA,NA,NA,NA,"bench, brio, callr, cli, covr, decor, desc, ggplot2, glue,
knitr, lobstr, mockery, progress, rmarkdown, scales, testthat,
tibble, utils, vctrs, withr",NA,"MIT + file LICENSE",NA,NA,NA,NA,"no","3.4.4"
"crayon","crayon","/home/shobarium/R/x86_64-pc-linux-gnu-library/3.4","1.3.4",NA,NA,"grDevices, methods, utils",NA,"mockery, rstudioapi, testthat, withr",NA,"MIT + file LICENSE",NA,NA,NA,NA,"no","3.4.4"
"credentials","credentials","/home/shobarium/R/x86_64-pc-linux-gnu-library/3.4","1.3.0",NA,NA,"openssl (>= 1.3), sys (>= 2.1), curl, jsonlite, askpass",NA,"testthat, knitr, rmarkdown",NA,"MIT + file LICENSE",NA,NA,NA,NA,"no","3.4.4"
"crosstalk","crosstalk","/home/shobarium/R/x86_64-pc-linux-gnu-library/3.4","1.1.0.1",NA,NA,"htmltools (>= 0.3.6), jsonlite, lazyeval, R6",NA,"shiny, ggplot2, testthat (>= 2.1.0)",NA,"MIT + file LICENSE",NA,NA,NA,NA,"no","3.4.4"
"curl","curl","/home/shobarium/R/x86_64-pc-linux-gnu-library/3.4","4.3",NA,"R (>= 3.0.0)",NA,NA,"spelling, testthat (>= 1.0.0), knitr, jsonlite, rmarkdown,
magrittr, httpuv (>= 1.4.4), webutils",NA,"MIT + file LICENSE",NA,NA,NA,NA,"yes","3.4.4"
"data.table","data.table","/home/shobarium/R/x86_64-pc-linux-gnu-library/3.4","1.13.6",NA,"R (>= 3.1.0)","methods",NA,"bit64 (>= 4.0.0), bit (>= 4.0.4), curl, R.utils, xts,
nanotime, zoo (>= 1.8-1), yaml, knitr, rmarkdown",NA,"MPL-2.0 | file LICENSE",NA,NA,NA,NA,"yes","3.4.4"
"DBI","DBI","/home/shobarium/R/x86_64-pc-linux-gnu-library/3.4","1.1.0",NA,"methods, R (>= 3.0.0)",NA,NA,"blob, covr, hms, knitr, magrittr, rmarkdown, rprojroot,
RSQLite (>= 1.1-2), testthat, xml2",NA,"LGPL (>= 2.1)",NA,NA,NA,NA,"no","3.4.4"
"dendextend","dendextend","/home/shobarium/R/x86_64-pc-linux-gnu-library/3.4","1.14.0",NA,"R (>= 3.0.0)","utils, stats, datasets, magrittr (>= 1.0.1), ggplot2, viridis",NA,"knitr, rmarkdown, testthat, seriation, colorspace, ape,
microbenchmark, gplots, heatmaply, dynamicTreeCut, pvclust,
corrplot, DendSer, MASS, cluster, fpc, circlize (>= 0.2.5),
covr","ggdendro, dendroextras, Hmisc, data.table, rpart","GPL-2 | GPL-3",NA,NA,NA,NA,"no","3.4.4"
"desc","desc","/home/shobarium/R/x86_64-pc-linux-gnu-library/3.4","1.2.0",NA,"R (>= 3.1.0)","assertthat, utils, R6, crayon, rprojroot",NA,"covr, testthat, whoami, withr",NA,"MIT + file LICENSE",NA,NA,NA,NA,"no","3.4.4"
"devtools","devtools","/home/shobarium/R/x86_64-pc-linux-gnu-library/3.4","2.3.2",NA,"R (>= 3.0.2), usethis (>= 1.6.3)","callr (>= 3.4.4), cli (>= 2.0.2), covr (>= 3.5.1), desc (>=
1.2.0), DT (>= 0.15), ellipsis (>= 0.3.1), httr (>= 1.4.2),
jsonlite (>= 1.7.1), memoise (>= 1.1.0), pkgbuild (>= 1.1.0),
pkgload (>= 1.1.0), rcmdcheck (>= 1.3.3), remotes (>= 2.2.0),
rlang (>= 0.4.7), roxygen2 (>= 7.1.1), rstudioapi (>= 0.11),
rversions (>= 2.0.2), sessioninfo (>= 1.1.1), stats, testthat
(>= 2.3.2), tools, utils, withr (>= 2.2.0)",NA,"BiocManager (>= 1.30.10), curl (>= 4.3), digest (>= 0.6.25),
foghorn (>= 1.3.1), gmailr (>= 1.0.0), knitr (>= 1.29), lintr
(>= 2.0.1), MASS, mockery (>= 0.4.2), pingr (>= 2.0.1), pkgdown
(>= 1.6.1), rhub (>= 1.1.1), rmarkdown (>= 2.3), spelling (>=
2.1)",NA,"GPL (>= 2)",NA,NA,NA,NA,"no","3.4.4"
"diffobj","diffobj","/home/shobarium/R/x86_64-pc-linux-gnu-library/3.4","0.3.2",NA,"R (>= 3.1.0)","crayon (>= 1.3.2), tools, methods, utils, stats",NA,"knitr, rmarkdown, testthat",NA,"GPL (>= 2)",NA,NA,NA,NA,"yes","3.4.4"
"digest","digest","/home/shobarium/R/x86_64-pc-linux-gnu-library/3.4","0.6.27",NA,"R (>= 3.3.0)","utils",NA,"tinytest, knitr, rmarkdown, minidown",NA,"GPL (>= 2)",NA,NA,NA,NA,"yes","3.4.4"
"dplyr","dplyr","/home/shobarium/R/x86_64-pc-linux-gnu-library/3.4","1.0.2",NA,"R (>= 3.2.0)","ellipsis, generics, glue (>= 1.3.2), lifecycle (>= 0.2.0),
magrittr (>= 1.5), methods, R6, rlang (>= 0.4.7), tibble (>=
2.1.3), tidyselect (>= 1.1.0), utils, vctrs (>= 0.3.2)",NA,"bench, broom, callr, covr, DBI, dbplyr (>= 1.4.3), knitr,
Lahman, lobstr, microbenchmark, nycflights13, purrr, rmarkdown,
RMySQL, RPostgreSQL, RSQLite, testthat (>= 2.1.0), withr",NA,"MIT + file LICENSE",NA,NA,NA,NA,"yes","3.4.4"
"DT","DT","/home/shobarium/R/x86_64-pc-linux-gnu-library/3.4","0.17",NA,NA,"htmltools (>= 0.3.6), htmlwidgets (>= 1.3), jsonlite (>=
0.9.16), magrittr, crosstalk, promises",NA,"knitr (>= 1.8), rmarkdown, shiny (>= 1.2.0), testit",NA,"GPL-3 | file LICENSE",NA,NA,NA,NA,"no","3.4.4"
"ellipsis","ellipsis","/home/shobarium/R/x86_64-pc-linux-gnu-library/3.4","0.3.1",NA,"R (>= 3.2)","rlang (>= 0.3.0)",NA,"covr, testthat",NA,"GPL-3",NA,NA,NA,NA,"yes","3.4.4"
"evaluate","evaluate","/home/shobarium/R/x86_64-pc-linux-gnu-library/3.4","0.14",NA,"R (>= 3.0.2)","methods",NA,"testthat, lattice, ggplot2",NA,"MIT + file LICENSE",NA,NA,NA,NA,"no","3.4.4"
"fansi","fansi","/home/shobarium/R/x86_64-pc-linux-gnu-library/3.4","0.4.1",NA,"R (>= 3.1.0)",NA,NA,"unitizer, knitr, rmarkdown",NA,"GPL (>= 2)",NA,NA,NA,NA,"yes","3.4.4"
"farver","farver","/home/shobarium/R/x86_64-pc-linux-gnu-library/3.4","2.0.3",NA,NA,NA,NA,"testthat (>= 2.1.0), covr",NA,"MIT + file LICENSE",NA,NA,NA,NA,"yes","3.4.4"
"fingerprint","fingerprint","/home/shobarium/R/x86_64-pc-linux-gnu-library/3.4","3.5.7",NA,"methods",NA,NA,"RUnit",NA,"GPL",NA,NA,NA,NA,"yes","3.4.4"
"formatR","formatR","/home/shobarium/R/x86_64-pc-linux-gnu-library/3.4","1.7",NA,"R (>= 3.0.2)",NA,NA,"codetools, shiny, testit, rmarkdown, knitr",NA,"GPL",NA,NA,NA,NA,"no","3.4.4"
"fs","fs","/home/shobarium/R/x86_64-pc-linux-gnu-library/3.4","1.5.0",NA,"R (>= 3.1)","methods",NA,"testthat, covr, pillar (>= 1.0.0), tibble (>= 1.1.0), crayon,
rmarkdown, knitr, withr, spelling, vctrs (>= 0.3.0)",NA,"GPL-3",NA,NA,NA,NA,"yes","3.4.4"
"futile.logger","futile.logger","/home/shobarium/R/x86_64-pc-linux-gnu-library/3.4","1.4.3",NA,"R (>= 3.0.0)","utils, lambda.r (>= 1.1.0), futile.options",NA,"testthat, jsonlite",NA,"LGPL-3",NA,NA,NA,NA,"no","3.4.4"
"futile.options","futile.options","/home/shobarium/R/x86_64-pc-linux-gnu-library/3.4","1.0.1",NA,"R (>= 2.8.0)",NA,NA,NA,NA,"LGPL-3",NA,NA,NA,NA,"no","3.4.4"
"generics","generics","/home/shobarium/R/x86_64-pc-linux-gnu-library/3.4","0.1.0",NA,"R (>= 3.1)","methods",NA,"covr, pkgload, testthat, tibble",NA,"MIT + file LICENSE",NA,NA,NA,NA,"no","3.4.4"
"gert","gert","/home/shobarium/R/x86_64-pc-linux-gnu-library/3.4","1.0.2",NA,NA,"askpass, credentials (>= 1.2.1), openssl (>= 1.4.1),
rstudioapi (>= 0.11), zip (>= 2.1.0)",NA,"spelling, knitr, rmarkdown, testthat",NA,"MIT + file LICENSE",NA,NA,NA,NA,"yes","3.4.4"
"ggplot2","ggplot2","/home/shobarium/R/x86_64-pc-linux-gnu-library/3.4","3.3.3",NA,"R (>= 3.2)","digest, glue, grDevices, grid, gtable (>= 0.1.1), isoband,
MASS, mgcv, rlang (>= 0.3.0), scales (>= 0.5.0), stats, tibble,
withr (>= 2.0.0)",NA,"covr, dplyr, ggplot2movies, hexbin, Hmisc, knitr, lattice,
mapproj, maps, maptools, multcomp, munsell, nlme, profvis,
quantreg, RColorBrewer, rgeos, rmarkdown, rpart, sf (>= 0.7-3),
svglite (>= 1.2.0.9001), testthat (>= 2.1.0), vdiffr (>= 0.3.0)","sp","MIT + file LICENSE",NA,NA,NA,NA,"no","3.4.4"
"ggrepel","ggrepel","/home/shobarium/R/x86_64-pc-linux-gnu-library/3.4","0.9.0",NA,"R (>= 3.0.0), ggplot2 (>= 2.2.0)","grid, Rcpp, rlang (>= 0.3.0), scales (>= 0.5.0)","Rcpp","knitr, rmarkdown, testthat, gridExtra, devtools, prettydoc,
ggbeeswarm, dplyr, magrittr, readr, stringr",NA,"GPL-3 | file LICENSE",NA,NA,NA,NA,"yes","3.4.4"
"ggsci","ggsci","/home/shobarium/R/x86_64-pc-linux-gnu-library/3.4","2.9",NA,"R (>= 3.0.2)","grDevices, scales, ggplot2 (>= 2.0.0)",NA,"knitr, rmarkdown, gridExtra, reshape2",NA,"GPL-3 | file LICENSE",NA,NA,NA,NA,"no","3.4.4"
"ggsignif","ggsignif","/home/shobarium/R/x86_64-pc-linux-gnu-library/3.4","0.6.0",NA,NA,"ggplot2 (>= 2.0.0)",NA,"testthat, knitr, rmarkdown",NA,"GPL-3",NA,NA,NA,NA,"no","3.4.4"
"ggwordcloud","ggwordcloud","/home/shobarium/R/x86_64-pc-linux-gnu-library/3.4","0.5.0",NA,"R (>= 2.10), ggplot2 (>= 3.0.0)","grid, Rcpp, scales (>= 1.0.0), colorspace, png","Rcpp","testthat (>= 2.0.0), knitr, rmarkdown, ggrepel, wordcloud,
wordcloud2, covr, dplyr, tidyr",NA,"GPL-3",NA,NA,NA,NA,"yes","3.4.4"
"gh","gh","/home/shobarium/R/x86_64-pc-linux-gnu-library/3.4","1.2.0",NA,NA,"cli (>= 2.0.1), gitcreds, httr (>= 1.2), ini, jsonlite",NA,"covr, knitr, rmarkdown, rprojroot, spelling, testthat (>=
2.3.2), withr",NA,"MIT + file LICENSE",NA,NA,NA,NA,"no","3.4.4"
"gitcreds","gitcreds","/home/shobarium/R/x86_64-pc-linux-gnu-library/3.4","0.1.1",NA,NA,NA,NA,"codetools, testthat, knitr, mockery, oskeyring, rmarkdown,
withr",NA,"MIT + file LICENSE",NA,NA,NA,NA,"no","3.4.4"
"glue","glue","/home/shobarium/R/x86_64-pc-linux-gnu-library/3.4","1.4.2",NA,"R (>= 3.2)","methods",NA,"testthat, covr, magrittr, crayon, knitr, rmarkdown, DBI,
RSQLite, R.utils, forcats, microbenchmark, rprintf, stringr,
ggplot2, dplyr, withr, vctrs (>= 0.3.0)",NA,"MIT + file LICENSE",NA,NA,NA,NA,"yes","3.4.4"
"gridExtra","gridExtra","/home/shobarium/R/x86_64-pc-linux-gnu-library/3.4","2.3",NA,NA,"gtable, grid, grDevices, graphics, utils",NA,"ggplot2, egg, lattice, knitr, testthat",NA,"GPL (>= 2)",NA,NA,NA,NA,"no","3.4.4"
"gsubfn","gsubfn","/home/shobarium/R/x86_64-pc-linux-gnu-library/3.4","0.7",NA,"proto",NA,NA,"boot, chron, grid, lattice, quantreg, svUnit, tcltk, zoo",NA,"GPL (>= 2)",NA,NA,NA,NA,"no","3.4.4"
"gtable","gtable","/home/shobarium/R/x86_64-pc-linux-gnu-library/3.4","0.3.0",NA,"R (>= 3.0)","grid",NA,"covr, testthat, knitr, rmarkdown, ggplot2, profvis",NA,"GPL-2",NA,NA,NA,NA,"no","3.4.4"
"highr","highr","/home/shobarium/R/x86_64-pc-linux-gnu-library/3.4","0.8",NA,"R (>= 3.2.3)",NA,NA,"knitr, testit",NA,"GPL",NA,NA,NA,NA,"no","3.4.4"
"HSAUR","HSAUR","/home/shobarium/R/x86_64-pc-linux-gnu-library/3.4","1.3-9",NA,"R (>= 2.2.0), tools",NA,NA,"lattice, MASS, scatterplot3d (>= 0.3-23), ape (>= 1.6), coin
(>= 1.1-3), flexmix (>= 1.1-0), gee (>= 4.13-10), lme4 (>=
0.98-1), mclust (>= 3.0-0), party (>= 0.2-8), randomForest (>=
4.5-12), rmeta (>= 2.12), vcd (>= 0.9-3), survival, KernSmooth,
rpart, mvtnorm, Matrix, boot, TH.data",NA,"GPL",NA,NA,NA,NA,"no","3.4.4"
"htmltools","htmltools","/home/shobarium/R/x86_64-pc-linux-gnu-library/3.4","0.5.0",NA,"R (>= 2.14.1)","utils, digest, grDevices, base64enc, rlang",NA,"markdown, testthat, withr, Cairo, ragg","knitr","GPL (>= 2)",NA,NA,NA,NA,"yes","3.4.4"
"htmlwidgets","htmlwidgets","/home/shobarium/R/x86_64-pc-linux-gnu-library/3.4","1.5.3",NA,NA,"grDevices, htmltools (>= 0.3), jsonlite (>= 0.9.16), yaml",NA,"knitr (>= 1.8), rmarkdown, testthat","shiny (>= 1.1)","MIT + file LICENSE",NA,NA,NA,NA,"no","3.4.4"
"httr","httr","/home/shobarium/R/x86_64-pc-linux-gnu-library/3.4","1.4.2",NA,"R (>= 3.2)","curl (>= 3.0.0), jsonlite, mime, openssl (>= 0.8), R6",NA,"covr, httpuv, jpeg, knitr, png, readr, rmarkdown, testthat
(>= 0.8.0), xml2",NA,"MIT + file LICENSE",NA,NA,NA,NA,"no","3.4.4"
"ini","ini","/home/shobarium/R/x86_64-pc-linux-gnu-library/3.4","0.3.1",NA,NA,NA,NA,"testthat",NA,"GPL-3",NA,NA,NA,NA,"no","3.4.4"
"IRdisplay","IRdisplay","/home/shobarium/R/x86_64-pc-linux-gnu-library/3.4","0.7.0",NA,"R (>= 3.0.1)","methods, repr",NA,"testthat, withr",NA,"MIT + file LICENSE",NA,NA,NA,NA,"no","3.4.4"
"IRkernel","IRkernel","/home/shobarium/R/x86_64-pc-linux-gnu-library/3.4","1.1.1",NA,"R (>= 3.2.0)","repr (>= 0.4.99), methods, evaluate (>= 0.10), IRdisplay (>=
0.3.0.9999), pbdZMQ (>= 0.2-1), crayon, jsonlite (>= 0.9.6),
uuid, digest",NA,"testthat, roxygen2",NA,"MIT + file LICENSE",NA,NA,NA,NA,"no","3.4.4"
"isoband","isoband","/home/shobarium/R/x86_64-pc-linux-gnu-library/3.4","0.2.3",NA,NA,"grid, utils","testthat","covr, ggplot2, knitr, magick, microbenchmark, rmarkdown, sf,
testthat, xml2",NA,"MIT + file LICENSE",NA,NA,NA,NA,"yes","3.4.4"
"iterators","iterators","/home/shobarium/R/x86_64-pc-linux-gnu-library/3.4","1.0.13",NA,"R (>= 2.5.0), utils",NA,NA,"RUnit, foreach",NA,"Apache License (== 2.0)",NA,NA,NA,NA,"no","3.4.4"
"itertools","itertools","/home/shobarium/R/x86_64-pc-linux-gnu-library/3.4","0.1-3",NA,"R (>= 2.14.0), iterators(>= 1.0.0)","parallel",NA,"foreach",NA,"GPL-2",NA,NA,NA,NA,"no","3.4.4"
"jaccard","jaccard","/home/shobarium/R/x86_64-pc-linux-gnu-library/3.4","0.1.0",NA,NA,"Rcpp (>= 0.12.6), qvalue, dplyr, magrittr","Rcpp",NA,NA,"GPL-2",NA,NA,NA,NA,"yes","3.4.4"
"jsonlite","jsonlite","/home/shobarium/R/x86_64-pc-linux-gnu-library/3.4","1.7.2",NA,"methods",NA,NA,"httr, curl, plyr, testthat, knitr, rmarkdown, R.rsp, sf",NA,"MIT + file LICENSE",NA,NA,NA,NA,"yes","3.4.4"
"knitr","knitr","/home/shobarium/R/x86_64-pc-linux-gnu-library/3.4","1.30",NA,"R (>= 3.2.3)","evaluate (>= 0.10), highr, markdown, stringr (>= 0.6), yaml
(>= 2.1.19), methods, xfun (>= 0.15), tools",NA,"formatR, testit, digest, rgl (>= 0.95.1201), codetools,
rmarkdown, htmlwidgets (>= 0.7), webshot, tikzDevice (>= 0.10),
tinytex, reticulate (>= 1.4), JuliaCall (>= 0.11.1), magick,
png, jpeg, gifski, xml2 (>= 1.2.0), httr, DBI (>= 0.4-1),
showtext, tibble, sass, ragg, styler (>= 1.2.0)",NA,"GPL",NA,NA,NA,NA,"no","3.4.4"
"labeling","labeling","/home/shobarium/R/x86_64-pc-linux-gnu-library/3.4","0.4.2",NA,NA,"stats, graphics",NA,NA,NA,"MIT + file LICENSE | Unlimited",NA,NA,NA,NA,"no","3.4.4"
"lambda.r","lambda.r","/home/shobarium/R/x86_64-pc-linux-gnu-library/3.4","1.2.4",NA,"R (>= 3.0.0)","formatR",NA,"testit",NA,"LGPL-3",NA,NA,NA,NA,"no","3.4.4"
"later","later","/home/shobarium/R/x86_64-pc-linux-gnu-library/3.4","1.1.0.1",NA,NA,"Rcpp (>= 0.12.9), rlang","Rcpp, BH","knitr, rmarkdown, testthat",NA,"GPL (>= 2)",NA,NA,NA,NA,"yes","3.4.4"
"lazyeval","lazyeval","/home/shobarium/R/x86_64-pc-linux-gnu-library/3.4","0.2.2",NA,"R (>= 3.1.0)",NA,NA,"knitr, rmarkdown (>= 0.2.65), testthat, covr",NA,"GPL-3",NA,NA,NA,NA,"yes","3.4.4"
"lifecycle","lifecycle","/home/shobarium/R/x86_64-pc-linux-gnu-library/3.4","0.2.0",NA,"R (>= 3.2)","glue, rlang (>= 0.4.0)",NA,"covr, crayon, knitr, rmarkdown, testthat (>= 2.1.0)",NA,"GPL-3",NA,NA,NA,NA,"no","3.4.4"
"magrittr","magrittr","/home/shobarium/R/x86_64-pc-linux-gnu-library/3.4","2.0.1",NA,NA,NA,NA,"covr, knitr, rlang, rmarkdown, testthat",NA,"MIT + file LICENSE",NA,NA,NA,NA,"yes","3.4.4"
"markdown","markdown","/home/shobarium/R/x86_64-pc-linux-gnu-library/3.4","1.1",NA,"R (>= 2.11.1)","utils, xfun, mime (>= 0.3)",NA,"knitr, RCurl",NA,"GPL-2",NA,NA,NA,NA,"yes","3.4.4"
"memoise","memoise","/home/shobarium/R/x86_64-pc-linux-gnu-library/3.4","1.1.0",NA,NA,"digest (>= 0.6.3)",NA,"testthat, aws.s3, httr, covr",NA,"MIT + file LICENSE",NA,NA,NA,NA,"no","3.4.4"
"mime","mime","/home/shobarium/R/x86_64-pc-linux-gnu-library/3.4","0.9",NA,NA,"tools",NA,NA,NA,"GPL",NA,NA,NA,NA,"yes","3.4.4"
"munsell","munsell","/home/shobarium/R/x86_64-pc-linux-gnu-library/3.4","0.5.0",NA,NA,"colorspace, methods",NA,"ggplot2, testthat",NA,"MIT + file LICENSE",NA,NA,NA,NA,"no","3.4.4"
"openssl","openssl","/home/shobarium/R/x86_64-pc-linux-gnu-library/3.4","1.4.3",NA,NA,"askpass",NA,"testthat (>= 2.1.0), digest, knitr, rmarkdown, jsonlite,
jose, sodium",NA,"MIT + file LICENSE",NA,NA,NA,NA,"yes","3.4.4"
"pbdZMQ","pbdZMQ","/home/shobarium/R/x86_64-pc-linux-gnu-library/3.4","0.3-3.1",NA,"R (>= 3.2.0)",NA,NA,NA,NA,"GPL-3",NA,NA,NA,NA,"yes","3.4.4"
"permute","permute","/home/shobarium/R/x86_64-pc-linux-gnu-library/3.4","0.9-5",NA,"R (>= 2.14.0)","stats",NA,"vegan (>= 2.0-0), testthat (>= 0.5), parallel",NA,"GPL-2",NA,NA,NA,NA,"no","3.4.4"
"pillar","pillar","/home/shobarium/R/x86_64-pc-linux-gnu-library/3.4","1.4.7",NA,NA,"cli, crayon (>= 1.3.4), ellipsis, fansi, lifecycle, rlang (>=
0.3.0), utf8 (>= 1.1.0), vctrs (>= 0.2.0)",NA,"bit64, knitr, lubridate, testthat (>= 2.0.0), withr",NA,"GPL-3",NA,NA,NA,NA,"no","3.4.4"
"pkgbuild","pkgbuild","/home/shobarium/R/x86_64-pc-linux-gnu-library/3.4","1.2.0",NA,"R (>= 3.1)","callr (>= 3.2.0), cli, crayon, desc, prettyunits, R6,
rprojroot, withr (>= 2.1.2)",NA,"Rcpp, cpp11, testthat, covr",NA,"MIT + file LICENSE",NA,NA,NA,NA,"no","3.4.4"
"pkgconfig","pkgconfig","/home/shobarium/R/x86_64-pc-linux-gnu-library/3.4","2.0.3",NA,NA,"utils",NA,"covr, testthat, disposables (>= 1.0.3)",NA,"MIT + file LICENSE",NA,NA,NA,NA,"no","3.4.4"
"pkgload","pkgload","/home/shobarium/R/x86_64-pc-linux-gnu-library/3.4","1.1.0",NA,NA,"cli, crayon, desc, methods, pkgbuild, rlang, rprojroot,
rstudioapi, utils, withr",NA,"bitops, covr, Rcpp, testthat",NA,"GPL-3",NA,NA,NA,NA,"yes","3.4.4"
"plogr","plogr","/home/shobarium/R/x86_64-pc-linux-gnu-library/3.4","0.2.0",NA,NA,NA,NA,"Rcpp",NA,"MIT + file LICENSE",NA,NA,NA,NA,"no","3.4.4"
"plyr","plyr","/home/shobarium/R/x86_64-pc-linux-gnu-library/3.4","1.8.6",NA,"R (>= 3.1.0)","Rcpp (>= 0.11.0)","Rcpp","abind, covr, doParallel, foreach, iterators, itertools,
tcltk, testthat",NA,"MIT + file LICENSE",NA,NA,NA,NA,"yes","3.4.4"
"png","png","/home/shobarium/R/x86_64-pc-linux-gnu-library/3.4","0.1-7",NA,"R (>= 2.9.0)",NA,NA,NA,NA,"GPL-2 | GPL-3",NA,NA,NA,NA,"yes","3.4.4"
"polynom","polynom","/home/shobarium/R/x86_64-pc-linux-gnu-library/3.4","1.4-0",NA,NA,"stats, graphics",NA,"knitr, rmarkdown",NA,"GPL-2",NA,NA,NA,NA,"no","3.4.4"
"praise","praise","/home/shobarium/R/x86_64-pc-linux-gnu-library/3.4","1.0.0",NA,NA,NA,NA,"testthat",NA,"MIT + file LICENSE",NA,NA,NA,NA,"no","3.4.4"
"prettyunits","prettyunits","/home/shobarium/R/x86_64-pc-linux-gnu-library/3.4","1.1.1",NA,NA,NA,NA,"codetools, covr, testthat",NA,"MIT + file LICENSE",NA,NA,NA,NA,"no","3.4.4"
"processx","processx","/home/shobarium/R/x86_64-pc-linux-gnu-library/3.4","3.4.5",NA,NA,"ps (>= 1.2.0), R6, utils",NA,"callr (>= 3.2.0), codetools, covr, crayon, curl, debugme,
parallel, testthat, withr",NA,"MIT + file LICENSE",NA,NA,NA,NA,"yes","3.4.4"
"promises","promises","/home/shobarium/R/x86_64-pc-linux-gnu-library/3.4","1.1.1",NA,NA,"R6, Rcpp, later, rlang, stats, magrittr","later, Rcpp","testthat, future, knitr, rmarkdown",NA,"MIT + file LICENSE",NA,NA,NA,NA,"yes","3.4.4"
"proto","proto","/home/shobarium/R/x86_64-pc-linux-gnu-library/3.4","1.0.0",NA,NA,NA,NA,"testthat, covr",NA,"GPL-2",NA,NA,NA,NA,"no","3.4.4"
"ps","ps","/home/shobarium/R/x86_64-pc-linux-gnu-library/3.4","1.5.0",NA,"R (>= 3.1)","utils",NA,"callr, covr, curl, pingr, processx (>= 3.1.0), R6, rlang,
testthat, tibble",NA,"MIT + file LICENSE",NA,NA,NA,NA,"yes","3.4.4"
"purrr","purrr","/home/shobarium/R/x86_64-pc-linux-gnu-library/3.4","0.3.4",NA,"R (>= 3.2)","magrittr (>= 1.5), rlang (>= 0.3.1)",NA,"covr, crayon, dplyr (>= 0.7.8), knitr, rmarkdown, testthat,
tibble, tidyselect",NA,"GPL-3 | file LICENSE",NA,NA,NA,NA,"yes","3.4.4"
"qvalue","qvalue","/home/shobarium/R/x86_64-pc-linux-gnu-library/3.4","2.15.0",NA,"R(>= 2.10)","splines, ggplot2, grid, reshape2",NA,"knitr",NA,"LGPL",NA,NA,NA,NA,"no","3.4.4"
"R6","R6","/home/shobarium/R/x86_64-pc-linux-gnu-library/3.4","2.5.0",NA,"R (>= 3.0)",NA,NA,"knitr, microbenchmark, pryr, testthat, ggplot2, scales",NA,"MIT + file LICENSE",NA,NA,NA,NA,"no","3.4.4"
"rappdirs","rappdirs","/home/shobarium/R/x86_64-pc-linux-gnu-library/3.4","0.3.1",NA,"R (>= 2.14), methods",NA,NA,"testthat, roxygen2",NA,"MIT + file LICENSE",NA,NA,NA,NA,"yes","3.4.4"
"rcdk","rcdk","/home/shobarium/R/x86_64-pc-linux-gnu-library/3.4","3.5.0",NA,"rcdklibs (>= 2.3)","fingerprint, rJava, methods, png, iterators, itertools",NA,"xtable, RUnit, knitr, rmarkdown",NA,"LGPL",NA,NA,NA,NA,"no","3.4.4"
"rcdklibs","rcdklibs","/home/shobarium/R/x86_64-pc-linux-gnu-library/3.4","2.3",NA,"R (>= 2.0.0), rJava (>= 0.9-8)",NA,NA,NA,NA,"LGPL",NA,NA,NA,NA,"no","3.4.4"
"rcmdcheck","rcmdcheck","/home/shobarium/R/x86_64-pc-linux-gnu-library/3.4","1.3.3",NA,NA,"callr (>= 3.1.1.9000), cli (>= 1.1.0), crayon, desc (>=
1.2.0), digest, pkgbuild, prettyunits, R6, rprojroot,
sessioninfo (>= 1.1.1), utils, withr, xopen",NA,"covr, knitr, mockery, rmarkdown, testthat",NA,"MIT + file LICENSE",NA,NA,NA,NA,"no","3.4.4"
"RColorBrewer","RColorBrewer","/home/shobarium/R/x86_64-pc-linux-gnu-library/3.4","1.1-2",NA,"R (>= 2.0.0)",NA,NA,NA,NA,"Apache License 2.0",NA,NA,NA,NA,"no","3.4.4"
"Rcpp","Rcpp","/home/shobarium/R/x86_64-pc-linux-gnu-library/3.4","1.0.5",NA,NA,"methods, utils",NA,"tinytest, inline, rbenchmark, pkgKitten (>= 0.1.2)",NA,"GPL (>= 2)",NA,NA,NA,NA,"yes","3.4.4"
"RCurl","RCurl","/home/shobarium/R/x86_64-pc-linux-gnu-library/3.4","1.98-1.2",NA,"R (>= 3.4.0), methods","bitops",NA,"XML",NA,"BSD_3_clause + file LICENSE",NA,NA,NA,NA,"yes","3.4.4"
"rematch2","rematch2","/home/shobarium/R/x86_64-pc-linux-gnu-library/3.4","2.1.2",NA,NA,"tibble",NA,"covr, testthat",NA,"MIT + file LICENSE",NA,NA,NA,NA,"no","3.4.4"
"remotes","remotes","/home/shobarium/R/x86_64-pc-linux-gnu-library/3.4","2.2.0",NA,"R (>= 3.0.0)","methods, stats, tools, utils",NA,"brew, callr, codetools, curl, covr, git2r (>= 0.23.0), knitr,
mockery, pkgbuild (>= 1.0.1), pingr, rmarkdown, rprojroot,
testthat, withr",NA,"GPL (>= 2)",NA,NA,NA,NA,"no","3.4.4"
"repr","repr","/home/shobarium/R/x86_64-pc-linux-gnu-library/3.4","1.1.0",NA,"R (>= 3.0.1)","utils, grDevices, htmltools, jsonlite, pillar (>= 1.4.0),
base64enc",NA,"methods, highr, Cairo, stringr, testthat, diffobj (>= 0.2.3),
leaflet","data.table, dplyr, htmlwidgets, vegalite, plotly, geojsonio","GPL-3",NA,NA,NA,NA,"no","3.4.4"
"reshape2","reshape2","/home/shobarium/R/x86_64-pc-linux-gnu-library/3.4","1.4.4",NA,"R (>= 3.1)","plyr (>= 1.8.1), Rcpp, stringr","Rcpp","covr, lattice, testthat (>= 0.8.0)",NA,"MIT + file LICENSE",NA,NA,NA,NA,"yes","3.4.4"
"rex","rex","/home/shobarium/R/x86_64-pc-linux-gnu-library/3.4","1.2.0",NA,NA,"lazyeval",NA,"testthat, knitr, rmarkdown, dplyr, ggplot2, magrittr, Hmisc,
stringr, rvest, roxygen2, covr",NA,"MIT + file LICENSE",NA,NA,NA,NA,"no","3.4.4"
"rJava","rJava","/home/shobarium/R/x86_64-pc-linux-gnu-library/3.4","0.9-13",NA,"R (>= 2.5.0), methods",NA,NA,NA,NA,"GPL-2",NA,NA,NA,NA,"yes","3.4.4"
"rjson","rjson","/home/shobarium/R/x86_64-pc-linux-gnu-library/3.4","0.2.20",NA,"R (>= 3.1.0)",NA,NA,NA,NA,"GPL-2",NA,NA,NA,NA,"yes","3.4.4"
"rlang","rlang","/home/shobarium/R/x86_64-pc-linux-gnu-library/3.4","0.4.10",NA,"R (>= 3.3.0)","utils",NA,"cli, covr, crayon, glue, magrittr, methods, pak, pillar,
rmarkdown, testthat (>= 3.0.0), vctrs (>= 0.2.3), withr","winch","MIT + file LICENSE",NA,NA,NA,NA,"yes","3.4.4"
"rmarkdown","rmarkdown","/home/shobarium/R/x86_64-pc-linux-gnu-library/3.4","2.6",NA,"R (>= 3.0)","tools, utils, knitr (>= 1.22), yaml (>= 2.1.19), htmltools (>=
0.3.5), evaluate (>= 0.13), jsonlite, tinytex (>= 0.11), xfun
(>= 0.15), methods, stringr (>= 1.2.0)",NA,"shiny (>= 0.11), tufte, testthat (>= 2.0.0), digest,
dygraphs, vctrs, tibble, fs, rsconnect, withr (>= 2.3.0)",NA,"GPL-3",NA,NA,NA,NA,"no","3.4.4"
"roxygen2","roxygen2","/home/shobarium/R/x86_64-pc-linux-gnu-library/3.4","7.1.1",NA,"R (>= 3.2)","brew, commonmark, desc (>= 1.2.0), digest, knitr, methods,
pkgload (>= 1.0.2), purrr (>= 0.3.3), R6 (>= 2.1.2), Rcpp (>=
0.11.0), rlang, stringi, stringr (>= 1.0.0), utils, xml2","Rcpp","covr, devtools, rmarkdown, testthat (>= 2.1.0), R.methodsS3,
R.oo",NA,"GPL (>= 2)",NA,NA,NA,NA,"yes","3.4.4"
"rprojroot","rprojroot","/home/shobarium/R/x86_64-pc-linux-gnu-library/3.4","2.0.2",NA,"R (>= 3.0.0)",NA,NA,"covr, knitr, lifecycle, mockr, rmarkdown, testthat (>=
3.0.0), withr",NA,"MIT + file LICENSE",NA,NA,NA,NA,"no","3.4.4"
"RSQLite","RSQLite","/home/shobarium/R/x86_64-pc-linux-gnu-library/3.4","2.2.2",NA,"R (>= 3.1.0)","bit64, blob (>= 1.2.0), DBI (>= 1.1.0), memoise, methods,
pkgconfig, Rcpp (>= 0.12.7)","BH, plogr (>= 0.2.0), Rcpp","DBItest (>= 1.7.0), gert, gh, knitr, rmarkdown, rvest,
testthat, xml2",NA,"LGPL (>= 2.1)",NA,NA,NA,NA,"yes","3.4.4"
"rstudioapi","rstudioapi","/home/shobarium/R/x86_64-pc-linux-gnu-library/3.4","0.13",NA,NA,NA,NA,"testthat, knitr, rmarkdown, clipr",NA,"MIT + file LICENSE",NA,NA,NA,NA,"no","3.4.4"
"rversions","rversions","/home/shobarium/R/x86_64-pc-linux-gnu-library/3.4","2.0.2",NA,NA,"curl, utils, xml2 (>= 1.0.0)",NA,"mockery, testthat",NA,"MIT + file LICENSE",NA,NA,NA,NA,"no","3.4.4"
"scales","scales","/home/shobarium/R/x86_64-pc-linux-gnu-library/3.4","1.1.1",NA,"R (>= 3.2)","farver (>= 2.0.3), labeling, lifecycle, munsell (>= 0.5), R6,
RColorBrewer, viridisLite",NA,"bit64, covr, dichromat, ggplot2, hms (>= 0.5.0), testthat (>=
2.1.0)",NA,"MIT + file LICENSE",NA,NA,NA,NA,"no","3.4.4"
"sessioninfo","sessioninfo","/home/shobarium/R/x86_64-pc-linux-gnu-library/3.4","1.1.1",NA,NA,"cli, tools, utils, withr",NA,"callr, covr, mockery, testthat",NA,"GPL-2",NA,NA,NA,NA,"no","3.4.4"
"sqldf","sqldf","/home/shobarium/R/x86_64-pc-linux-gnu-library/3.4","0.4-11",NA,"R (>= 3.1.0), gsubfn (>= 0.6), proto, RSQLite","DBI, chron",NA,"RH2, RMySQL, RPostgreSQL, svUnit, tcltk, MASS",NA,"GPL-2",NA,NA,NA,NA,"no","3.4.4"
"stringi","stringi","/home/shobarium/R/x86_64-pc-linux-gnu-library/3.4","1.5.3",NA,"R (>= 2.14)","tools, utils, stats",NA,NA,NA,"file LICENSE",NA,NA,NA,NA,"yes","3.4.4"
"stringr","stringr","/home/shobarium/R/x86_64-pc-linux-gnu-library/3.4","1.4.0",NA,"R (>= 3.1)","glue (>= 1.2.0), magrittr, stringi (>= 1.1.7)",NA,"covr, htmltools, htmlwidgets, knitr, rmarkdown, testthat",NA,"GPL-2 | file LICENSE",NA,NA,NA,NA,"no","3.4.4"
"sys","sys","/home/shobarium/R/x86_64-pc-linux-gnu-library/3.4","3.4",NA,NA,NA,NA,"unix (>= 1.4), spelling, testthat",NA,"MIT + file LICENSE",NA,NA,NA,NA,"yes","3.4.4"
"testthat","testthat","/home/shobarium/R/x86_64-pc-linux-gnu-library/3.4","3.0.1",NA,"R (>= 3.1)","brio, callr (>= 3.5.1), cli (>= 2.2.0), crayon (>= 1.3.4),
desc, digest, ellipsis (>= 0.2.0), evaluate, jsonlite,
lifecycle, magrittr, methods, pkgload, praise, processx, ps (>=
1.3.4), R6 (>= 2.2.0), rlang (>= 0.4.9), utils, waldo (>=
0.2.1), withr (>= 2.3.0)",NA,"covr, curl (>= 0.9.5), diffviewer (>= 0.1.0), knitr, mockery,
rmarkdown, rstudioapi, shiny, usethis, vctrs (>= 0.1.0), xml2",NA,"MIT + file LICENSE",NA,NA,NA,NA,"yes","3.4.4"
"tibble","tibble","/home/shobarium/R/x86_64-pc-linux-gnu-library/3.4","3.0.4",NA,"R (>= 3.1.0)","cli, crayon (>= 1.3.4), ellipsis (>= 0.2.0), fansi (>= 0.4.0),
lifecycle (>= 0.2.0), magrittr, methods, pillar (>= 1.4.3),
pkgconfig, rlang (>= 0.4.3), utils, vctrs (>= 0.3.2)",NA,"bench, bit64, blob, covr, dplyr, evaluate, formattable, hms,
htmltools, import, knitr, lubridate, mockr, nycflights13,
purrr, rmarkdown, testthat (>= 2.1.0), tidyr, withr",NA,"MIT + file LICENSE",NA,NA,NA,NA,"yes","3.4.4"
"tidyr","tidyr","/home/shobarium/R/x86_64-pc-linux-gnu-library/3.4","1.1.2",NA,"R (>= 3.1)","dplyr (>= 0.8.2), ellipsis (>= 0.1.0), glue, magrittr, purrr,
rlang, tibble (>= 2.1.1), tidyselect (>= 1.1.0), utils, vctrs
(>= 0.3.0), lifecycle","cpp11 (>= 0.2.1)","covr, jsonlite, knitr, repurrrsive (>= 1.0.0), rmarkdown,
readr, testthat (>= 2.1.0)",NA,"MIT + file LICENSE",NA,NA,NA,NA,"yes","3.4.4"
"tidyselect","tidyselect","/home/shobarium/R/x86_64-pc-linux-gnu-library/3.4","1.1.0",NA,"R (>= 3.2)","ellipsis, glue (>= 1.3.0), purrr (>= 0.3.2), rlang (>= 0.4.6),
vctrs (>= 0.2.2)",NA,"covr, crayon, dplyr, knitr, magrittr, rmarkdown, testthat (>=
2.3.0), tibble (>= 2.1.3), withr",NA,"GPL-3",NA,NA,NA,NA,"yes","3.4.4"
"tinytex","tinytex","/home/shobarium/R/x86_64-pc-linux-gnu-library/3.4","0.28",NA,NA,"xfun (>= 0.19)",NA,"testit, rstudioapi",NA,"MIT + file LICENSE",NA,NA,NA,NA,"no","3.4.4"
"usethis","usethis","/home/shobarium/R/x86_64-pc-linux-gnu-library/3.4","2.0.0",NA,"R (>= 3.2)","cli, clipr (>= 0.3.0), crayon, curl (>= 2.7), desc, fs (>=
1.3.0), gert (>= 1.0.2), gh (>= 1.2.0), glue (>= 1.3.0),
jsonlite, lifecycle, purrr, rappdirs, rlang (>= 0.4.3),
rprojroot (>= 1.2), rstudioapi, stats, utils, whisker, withr
(>= 2.3.0), yaml",NA,"covr, knitr, magick, mockr, rmarkdown, roxygen2, spelling (>=
1.2), styler (>= 1.2.0), testthat (>= 3.0.0)",NA,"MIT + file LICENSE",NA,NA,NA,NA,"no","3.4.4"
"utf8","utf8","/home/shobarium/R/x86_64-pc-linux-gnu-library/3.4","1.1.4",NA,"R (>= 2.10)",NA,NA,"knitr, rmarkdown, testthat",NA,"Apache License (== 2.0) | file LICENSE",NA,NA,NA,NA,"yes","3.4.4"
"uuid","uuid","/home/shobarium/R/x86_64-pc-linux-gnu-library/3.4","0.1-4",NA,"R (>= 2.9.0)",NA,NA,NA,NA,"MIT + file LICENSE",NA,NA,NA,NA,"yes","3.4.4"
"vctrs","vctrs","/home/shobarium/R/x86_64-pc-linux-gnu-library/3.4","0.3.6",NA,"R (>= 3.3)","ellipsis (>= 0.2.0), digest, glue, rlang (>= 0.4.7)",NA,"bit64, covr, crayon, dplyr (>= 0.8.5), generics, knitr,
pillar (>= 1.4.4), pkgdown, rmarkdown, testthat (>= 2.3.0),
tibble, withr, xml2, waldo (>= 0.2.0), zeallot",NA,"MIT + file LICENSE",NA,NA,NA,NA,"yes","3.4.4"
"vegan","vegan","/home/shobarium/R/x86_64-pc-linux-gnu-library/3.4","2.5-7",NA,"permute (>= 0.9-0), lattice, R (>= 3.4.0)","MASS, cluster, mgcv",NA,"parallel, tcltk, knitr, markdown",NA,"GPL-2",NA,NA,NA,NA,"yes","3.4.4"
"VennDiagram","VennDiagram","/home/shobarium/R/x86_64-pc-linux-gnu-library/3.4","1.6.20",NA,"R (>= 2.14.1), grid (>= 2.14.1), futile.logger",NA,NA,"testthat",NA,"GPL-2",NA,NA,NA,NA,"no","3.4.4"
"viridis","viridis","/home/shobarium/R/x86_64-pc-linux-gnu-library/3.4","0.5.1",NA,"R (>= 2.10), viridisLite (>= 0.3.0)","stats, ggplot2 (>= 1.0.1), gridExtra",NA,"hexbin (>= 1.27.0), scales, MASS, knitr, dichromat,
colorspace, rasterVis, httr, mapproj, vdiffr, svglite (>=
1.2.0), testthat, covr, rmarkdown, rgdal",NA,"MIT + file LICENSE",NA,NA,NA,NA,"no","3.4.4"
"viridisLite","viridisLite","/home/shobarium/R/x86_64-pc-linux-gnu-library/3.4","0.3.0",NA,"R (>= 2.10)",NA,NA,"hexbin (>= 1.27.0), ggplot2 (>= 1.0.1), testthat, covr",NA,"MIT + file LICENSE",NA,NA,NA,NA,"no","3.4.4"
"waldo","waldo","/home/shobarium/R/x86_64-pc-linux-gnu-library/3.4","0.2.3",NA,NA,"cli, diffobj, fansi, glue, methods, rematch2, rlang, tibble",NA,"testthat, covr, R6",NA,"MIT + file LICENSE",NA,NA,NA,NA,"no","3.4.4"
"whisker","whisker","/home/shobarium/R/x86_64-pc-linux-gnu-library/3.4","0.4",NA,NA,NA,NA,"markdown",NA,"GPL-3",NA,NA,NA,NA,"no","3.4.4"
"withr","withr","/home/shobarium/R/x86_64-pc-linux-gnu-library/3.4","2.3.0",NA,"R (>= 3.2.0)","graphics, grDevices, stats",NA,"covr, DBI, knitr, lattice, methods, rmarkdown, RSQLite,
testthat (>= 2.1.0)",NA,"GPL (>= 2)",NA,NA,NA,NA,"no","3.4.4"
"wordcloud","wordcloud","/home/shobarium/R/x86_64-pc-linux-gnu-library/3.4","2.6",NA,"methods, RColorBrewer","Rcpp (>= 0.9.4)","Rcpp","tm (>= 0.6), slam",NA,"LGPL-2.1",NA,NA,NA,NA,"yes","3.4.4"
"xfun","xfun","/home/shobarium/R/x86_64-pc-linux-gnu-library/3.4","0.20",NA,NA,"stats, tools",NA,"testit, parallel, codetools, rstudioapi, tinytex, mime,
markdown, knitr, htmltools, remotes, pak, rmarkdown",NA,"MIT + file LICENSE",NA,NA,NA,NA,"yes","3.4.4"
"xml2","xml2","/home/shobarium/R/x86_64-pc-linux-gnu-library/3.4","1.3.2",NA,"R (>= 3.1.0)","methods",NA,"covr, curl, httr, knitr, magrittr, mockery, rmarkdown,
testthat (>= 2.1.0)",NA,"GPL (>= 2)",NA,NA,NA,NA,"yes","3.4.4"
"xopen","xopen","/home/shobarium/R/x86_64-pc-linux-gnu-library/3.4","1.0.0",NA,"R (>= 3.1)","processx",NA,"ps, testthat",NA,"MIT + file LICENSE",NA,NA,NA,NA,"no","3.4.4"
"yaml","yaml","/home/shobarium/R/x86_64-pc-linux-gnu-library/3.4","2.2.1",NA,NA,NA,NA,"RUnit",NA,"BSD_3_clause + file LICENSE",NA,NA,NA,NA,"yes","3.4.4"
"zip","zip","/home/shobarium/R/x86_64-pc-linux-gnu-library/3.4","2.1.1",NA,NA,NA,NA,"covr, processx, R6, testthat, withr",NA,"CC0",NA,NA,NA,NA,"yes","3.4.4"
"zlibbioc","zlibbioc","/home/shobarium/R/x86_64-pc-linux-gnu-library/3.4","1.24.0",NA,NA,NA,NA,NA,NA,"Artistic-2.0 + file LICENSE",NA,NA,NA,NA,"yes","3.4.4"
"base","base","/usr/lib/R/library","3.4.4","base",NA,NA,NA,"methods",NA,"Part of R 3.4.4",NA,NA,NA,NA,NA,"3.4.4"
"boot","boot","/usr/lib/R/library","1.3-20","recommended","R (>= 3.0.0), graphics, stats",NA,NA,"MASS, survival",NA,"Unlimited",NA,NA,NA,NA,"no","3.4.2"
"class","class","/usr/lib/R/library","7.3-14","recommended","R (>= 3.0.0), stats, utils","MASS",NA,NA,NA,"GPL-2 | GPL-3",NA,NA,NA,NA,"yes","3.4.2"
"cluster","cluster","/usr/lib/R/library","2.0.6","recommended","R (>= 3.0.1)","graphics, grDevices, stats, utils",NA,"MASS",NA,"GPL (>= 2)",NA,NA,NA,NA,"yes","3.4.2"
"codetools","codetools","/usr/lib/R/library","0.2-15","recommended","R (>= 2.1)",NA,NA,NA,NA,"GPL",NA,NA,NA,NA,"no","3.4.2"
"compiler","compiler","/usr/lib/R/library","3.4.4","base",NA,NA,NA,NA,NA,"Part of R 3.4.4",NA,NA,NA,NA,NA,"3.4.4"
"datasets","datasets","/usr/lib/R/library","3.4.4","base",NA,NA,NA,NA,NA,"Part of R 3.4.4",NA,NA,NA,NA,NA,"3.4.4"
"foreign","foreign","/usr/lib/R/library","0.8-69","recommended","R (>= 3.0.0)","methods, utils, stats",NA,NA,NA,"GPL (>= 2)",NA,NA,NA,NA,"yes","3.4.2"
"graphics","graphics","/usr/lib/R/library","3.4.4","base",NA,"grDevices",NA,NA,NA,"Part of R 3.4.4",NA,NA,NA,NA,"yes","3.4.4"
"grDevices","grDevices","/usr/lib/R/library","3.4.4","base",NA,NA,NA,"KernSmooth",NA,"Part of R 3.4.4",NA,NA,NA,NA,"yes","3.4.4"
"grid","grid","/usr/lib/R/library","3.4.4","base",NA,"grDevices, utils",NA,"lattice",NA,"Part of R 3.4.4",NA,NA,NA,NA,"yes","3.4.4"
"KernSmooth","KernSmooth","/usr/lib/R/library","2.23-15","recommended","R (>= 2.5.0), stats",NA,NA,"MASS",NA,"Unlimited",NA,NA,NA,NA,"yes","3.4.2"
"lattice","lattice","/usr/lib/R/library","0.20-35","recommended","R (>= 3.0.0)","grid, grDevices, graphics, stats, utils",NA,"KernSmooth, MASS, latticeExtra","chron","GPL (>= 2)",NA,NA,NA,NA,"yes","3.4.2"
"MASS","MASS","/usr/lib/R/library","7.3-49","recommended","R (>= 3.1.0), grDevices, graphics, stats, utils","methods",NA,"lattice, nlme, nnet, survival",NA,"GPL-2 | GPL-3",NA,NA,NA,NA,"yes","3.4.3"
"Matrix","Matrix","/usr/lib/R/library","1.2-12","recommended","R (>= 3.0.1)","methods, graphics, grid, stats, utils, lattice",NA,"expm, MASS","MatrixModels, graph, SparseM, sfsmisc","GPL (>= 2) | file LICENCE",NA,NA,NA,NA,"yes","3.4.2"
"methods","methods","/usr/lib/R/library","3.4.4","base",NA,"utils, stats",NA,"codetools",NA,"Part of R 3.4.4",NA,NA,NA,NA,"yes","3.4.4"
"mgcv","mgcv","/usr/lib/R/library","1.8-28","recommended","R (>= 2.14.0), nlme (>= 3.1-64)","methods, stats, graphics, Matrix, splines, utils",NA,"parallel, survival, MASS",NA,"GPL (>= 2)",NA,NA,NA,NA,"yes","3.4.4"
"nlme","nlme","/usr/lib/R/library","3.1-131","recommended","R (>= 3.0.2)","graphics, stats, utils, lattice",NA,"Hmisc, MASS",NA,"GPL (>= 2) | file LICENCE",NA,NA,NA,NA,"yes","3.4.2"
"nnet","nnet","/usr/lib/R/library","7.3-12","recommended","R (>= 2.14.0), stats, utils",NA,NA,"MASS",NA,"GPL-2 | GPL-3",NA,NA,NA,NA,"yes","3.4.2"
"parallel","parallel","/usr/lib/R/library","3.4.4","base",NA,"tools, compiler",NA,"methods","snow, nws, Rmpi","Part of R 3.4.4",NA,NA,NA,NA,"yes","3.4.4"
"rpart","rpart","/usr/lib/R/library","4.1-13","recommended","R (>= 2.15.0), graphics, stats, grDevices",NA,NA,"survival",NA,"GPL-2 | GPL-3",NA,NA,NA,NA,"yes","3.4.3"
"spatial","spatial","/usr/lib/R/library","7.3-11","recommended","R (>= 3.0.0), graphics, stats, utils",NA,NA,"MASS",NA,"GPL-2 | GPL-3",NA,NA,NA,NA,"yes","3.4.2"
"splines","splines","/usr/lib/R/library","3.4.4","base",NA,"graphics, stats",NA,"Matrix, methods",NA,"Part of R 3.4.4",NA,NA,NA,NA,"yes","3.4.4"
"stats","stats","/usr/lib/R/library","3.4.4","base",NA,"utils, grDevices, graphics",NA,"MASS, Matrix, SuppDists, methods, stats4",NA,"Part of R 3.4.4",NA,NA,NA,NA,"yes","3.4.4"
"stats4","stats4","/usr/lib/R/library","3.4.4","base",NA,"graphics, methods, stats",NA,NA,NA,"Part of R 3.4.4",NA,NA,NA,NA,NA,"3.4.4"
"survival","survival","/usr/lib/R/library","2.41-3","recommended","R (>= 2.13.0)","graphics, Matrix, methods, splines, stats, utils",NA,NA,NA,"LGPL (>= 2)",NA,NA,NA,NA,"yes","3.4.2"
"tcltk","tcltk","/usr/lib/R/library","3.4.4","base",NA,"utils",NA,NA,NA,"Part of R 3.4.4",NA,NA,NA,NA,"yes","3.4.4"
"tools","tools","/usr/lib/R/library","3.4.4","base",NA,NA,NA,"codetools, methods, xml2, curl",NA,"Part of R 3.4.4",NA,NA,NA,NA,"yes","3.4.4"
"utils","utils","/usr/lib/R/library","3.4.4","base",NA,NA,NA,"methods, XML",NA,"Part of R 3.4.4",NA,NA,NA,NA,"yes","3.4.4"
